,100%,90.0%,80.0%,70.0%,60.0%,50.0%,40.0%,30.0%,20.0%,10.0%,0.0%
capital cost,1114362.28697,1317573.78836,1461400.9690899998,1550719.7545699999,1638710.10995,1758721.05998,1993678.7372,2933146.34817,6012739.049690001,19770650.20061,44320756.881050006
operational cost,525331.5625000001,345221.25689,224030.02755000006,168177.98481000005,134045.90183999995,100137.45607999997,70523.10211999997,33052.13985999997,-60400.027570000006,-137425.58378,-185737.90424
grid_power,6165.331845,6165.331845,6165.331845,6165.331845,6165.331845,6165.331845,6165.331845,6165.331845,6165.331845,6165.331845,6165.331845
wind_tubine,7308.637030017581,8222.20521442938,8844.21475494909,9000.0,9000.0,9000.0,9000.0,9000.0,9000.0,9000.0,9000.0
grid_infeed,9000.0,9000.0,9000.0,9000.0,9000.0,9000.0,9000.0,9000.0,9000.0,9000.0,9000.0
gas_heating,2580.96178209,2407.2032857735835,2401.777300442268,2370.704670682408,2236.2034949668905,2049.5925933303242,1704.8397630750617,1987.516428846682,1810.2740337726655,482.57951915610585,0.0
wind_self_consumption,9000.0,9000.0,9000.0,9000.0,9000.0,9000.0,9000.0,9000.0,9000.0,9000.0,9000.0
electrolysis,0.0,326.35622268508234,571.1038800646838,887.8724238206587,1297.2776016816636,1829.7064316905485,2563.810128866552,3874.904663001,5885.113177000999,7149.384889996,6068.111004999
hydrogen_heating,0.0,212.13154474530356,371.21752204204455,577.1170754834282,843.2304410930835,1189.3091805988568,1666.476583763259,2518.6880309506505,3738.829038751952,2763.7348515220788,3507.8925723751317
fuel_cell,0.0,0.0,0.0,0.0,0.0,0.0,0.0,161.59180445749996,855.2292785714287,1973.4978142858572,5358.931232856857
hydrogen_storage,0.0,0.0,0.0,0.0,0.0,0.0,0.0,2262.2852624049992,32910.986436782536,280464.3161709982,701021.6250457319
heat_store,0.0,0.002321840224221105,2.3363522149422806,77.91663573627329,516.8860741989613,1653.9533687990197,10231.806724594582,49435.98526840572,93487.76052529081,96304.4194633936,131204.32691823773
