"Auftragskonto";"Buchungstag";"Valutadatum";"Buchungstext";"Verwendungszweck";"Glaeubiger ID";"Mandatsreferenz";"Kundenreferenz (End-to-End)";"Sammlerreferenz";"Lastschrift Ursprungsbetrag";"Auslagenersatz Ruecklastschrift";"Beguenstigter/Zahlungspflichtiger";"Kontonummer/IBAN";"BIC (SWIFT-Code)";"Betrag";"Waehrung";"Info"
"DE77305500001005440324";"13.08.26";"13.08.26";"GUTSCHR. UEBERWEISUNG";"";"";"";"";"";"";"";"Marvin Liskatin";"DE16440501990272114811";"DORTDE33XXX";"100,00";"EUR";"Umsatz gebucht"
"DE77305500001005440324";"12.08.26";"12.08.26";"ERSTLASTSCHRIFT";"S/836696401098/601314070494 Dorfstr. 9 Strom Abschlag ";"DE70ZZZ00000119765";"M002000014003316";"S/836696401098/601314070494";"";"";"";"VATTENFALL EUROPE SALES";"DE93500500000090085135";"HELADEFFXXX";"-113,00";"EUR";"Umsatz gebucht"
"DE77305500001005440324";"11.08.26";"11.08.26";"ERSTLASTSCHRIFT";"0000112973944 0021140675657 Vodafone Rechnung KdNr. 112973944 Vodafone sagt Danke ";"DE26ZZZ00000006194";"DE04KMMC000112973944T030498402";"0000112973944 0021140675657";"";"";"";"Vodafone GmbH";"DE04700202700015434515";"HYVEDEMMXXX";"-42,48";"EUR";"Umsatz gebucht"
"DE77305500001005440324";"07.08.26";"07.08.26";"FOLGELASTSCHRIFT";"Festnetz Vertragskonto 5632637220 RG 7320359872/22.07.2026 ";"DE93ZZZ00000078611";"DE000201000200000000000000022406493";"Zahlbeleg 367702263298";"";"";"";"Telekom Deutschland GmbH";"DE07512108001095000911";"SOGEDEFFXXX";"-71,89";"EUR";"Umsatz gebucht"
"DE77305500001005440324";"03.08.26";"03.08.26";"DAUERAUFTRAG";"Liskatin/Maxara, Stellplatz, Dorfstraße9 ";"";"";"";"";"";"";"A. N. M. Wohnkonzept GmbH";"DE84301602130037728012";"GENODED1DNE";"-60,00";"EUR";"Umsatz gebucht"
"DE77305500001005440324";"03.08.26";"03.08.26";"DAUERAUFTRAG";"Miete Dorfstr. 9, Liskatin/Maxara ";"";"";"";"";"";"";"A. N. M. Wohnkonzept GmbH";"DE84301602130037728012";"GENODED1DNE";"-1540,00";"EUR";"Umsatz gebucht"
"DE77305500001005440324";"03.08.26";"01.08.26";"ENTGELTABSCHLUSS";"Entgeltabrechnung siehe Anlage Abrechnung 31.07.2026 Information zur Abrechnung Entgelte vom 01.07.2026 bis 31.07.2026 10,90- Grundpreis (Kontoführung) 10,90- abzüglich 45% Nachlass auf 10,90- 4,91+ 4,91+ Abrechnung 31.07.2026 5,99- Es handelt sich hierbei um eine umsatzsteuerfreie Leistung. Rechnungsnummer: 20260731-RL002-00039842881 ";"";"";"";"";"";"";"";"0000000000";"30550000";"-5,99";"EUR";"Umsatz gebucht"
"DE77305500001005440324";"31.07.26";"31.07.26";"GUTSCHR. UEBERWEISUNG";"Miete etc. für Juli ";"";"";"";"";"";"";"Marvin Liskatin";"DE16440501990272114811";"DORTDE33XXX";"1500,00";"EUR";"Umsatz gebucht"
"DE77305500001005440324";"30.07.26";"30.07.26";"UEBERTRAG (GUTSCHR. UEBERW)";"";"";"";"";"";"";"";"SARAH MAXARA";"DE25305500001005440290";"WELADEDNXXX";"300,00";"EUR";"Umsatz gebucht"
"DE77305500001005440324";"29.07.26";"29.07.26";"EINMAL LASTSCHRIFT";"Konto 146387089 Ausgleich des Kontosaldos wegen Kontoauflösung ";"DE92ZZZ00000013348";"E014638708910.07.20260001";"";"";"";"";"Sarah-Luise Maxara";"DE20430500010146387089";"WELADED1BOC";"-2,46";"EUR";"Umsatz gebucht"
"DE77305500001005440324";"01.07.26";"01.07.26";"ABSCHLUSS";"Abrechnung 30.06.2026 siehe Anlage Abrechnung 30.06.2026 Information zur Abrechnung Kontostand am 30.06.2026 1,82 - Abrechnungszeitraum vom 26.06.2026 bis 30.06.2026 Abrechnung 30.06.2026 0,00+ Sollzinssätze am 30.06.2026 13,4000 v.H. für geduldete Kontoüberziehung Die Anpassungen des Zinssatzes für eingeräumte und geduldete Kontoüber- ziehungen sind abhängig von der Entwicklung: Mindestbietungssatz/Zinssatz für Hauptrefinanzierungsgeschäfte der Europäischen Zentralbank = EZB-Zinssatz (Referenzzinssatz, Quelle Deutsche Bundesbank). Maßgeblich ist der am 05.06.2025 ermittelte Wert des Referenzzinssatzes. Die Entwicklung des Referenzzinssatzes werden wir regelmäßig zum 20. des Monats überprüfen. Hat sich zu diesem Zeitpunkt der Referenzzinsatz um mindestens 0,25 Prozentpunkte gegenüber seinem maßgeblichen Wert am 05.06.2025 bzw. bei der letzten Anpassung des Zinssatzes für eingeräumte und geduldete Kontoüberziehungen verändert, sinkt oder steigt dieser um ebenso viele Prozentpunkte mit Wirkung zum 30. des jeweiligen Monats. Sie werden mit jedem Rechnungsabschluss über den aktuellen Zinssatz für eingeräumte und geduldete Kontoüberziehungen informiert. Außerdem können Sie die Höhe des Referenzzinssatzes in unseren Geschäftsräumen einsehen. Es handelt sich hierbei um eine umsatzsteuerfreie Leistung. Kontostand/Rechnungsabschluss am 30.06.2026 1,82 - Rechnungsnummer: 20260630-RL002-00039324034 ";"";"";"";"";"";"";"";"1005440324";"30550000";"0,00";"EUR";"Umsatz gebucht"
"DE77305500001005440324";"01.07.26";"01.07.26";"ENTGELTABSCHLUSS";"Entgeltabrechnung siehe Anlage Abrechnung 30.06.2026 Information zur Abrechnung Entgelte vom 26.06.2026 bis 30.06.2026 1,82- Grundpreis (Kontoführung) 1,82- Abrechnung 30.06.2026 1,82- Es handelt sich hierbei um eine umsatzsteuerfreie Leistung. Rechnungsnummer: 20260630-RL002-00039324035 ";"";"";"";"";"";"";"";"0000000000";"30550000";"-1,82";"EUR";"Umsatz gebucht"
