latitude,longitude,azimut,tilt,pv_type_id,pv_type_name
51.03383999999999,6.478381225298322,70.03505651959233,90,1,Windschutzwand
51.036114653695044,6.487345130032282,49.15921609026222,90,1,Windschutzwand
51.04096511848674,6.495655599566232,25.529327831494115,90,1,Windschutzwand
51.04750814302079,6.500186542671855,1.8325591564325663,90,1,Windschutzwand
51.05464825678043,6.5001643864844585,340.7898538446528,90,1,Windschutzwand
51.06133316115311,6.4960592668507875,332.7644081486071,90,1,Windschutzwand
51.0676111283935,6.49049425211408,332.486359680596,90,1,Windschutzwand
51.0738719235314,6.484879226452854,332.4624912968683,90,1,Windschutzwand
51.08013097311437,6.479258500290312,335.99430050595157,90,1,Windschutzwand
51.08500337561628,6.47549080505491,156.72194684389254,90,1,Windschutzwand
51.07853040737264,6.480335503934236,152.48488435642577,90,1,Windschutzwand
51.072269920138915,6.485951998081002,152.46637153499285,90,1,Windschutzwand
51.06601029680526,6.49157014946035,153.4515876153211,90,1,Windschutzwand
51.059691835490455,6.49701393586876,165.12659841784597,90,1,Windschutzwand
51.05284214123478,6.5002993506863564,187.92325204108187,90,1,Windschutzwand
51.04574196173462,6.499119735093303,211.87169793837552,90,1,Windschutzwand
51.03955587565685,6.493471650775868,235.84474148062526,90,1,Windschutzwand
